period,bidder_average
Period 1,9.409806657364959
Period 2,9.640422563284831
Period 3,9.17746329147565
